{"stats":{"minecraft:picked_up":{"biomesoplenty:white_cherry_sapling":1,"biomesoplenty:cherry_log":4,"minecraft:dirt":10,"minecraft:cobblestone":8},"minecraft:used":{"minecraft:dirt":2,"minecraft:crafting_table":1,"minecraft:wooden_pickaxe":8},"minecraft:crafted":{"biomesoplenty:cherry_planks":16,"minecraft:crafting_table":1,"minecraft:stick":4,"minecraft:stone_pickaxe":1,"minecraft:wooden_pickaxe":1},"minecraft:custom":{"minecraft:time_since_rest":17824,"minecraft:crouch_one_cm":45,"minecraft:play_time":17824,"minecraft:sprint_one_cm":3003,"minecraft:damage_taken":160,"minecraft:walk_one_cm":12551,"minecraft:sneak_time":11,"minecraft:jump":20,"minecraft:time_since_death":17824,"minecraft:total_world_time":17824,"minecraft:interact_with_crafting_table":2,"minecraft:fall_one_cm":836,"minecraft:fly_one_cm":4454},"minecraft:mined":{"minecraft:grass":2,"minecraft:grass_block":1,"biomesoplenty:cherry_log":4,"biomesoplenty:white_cherry_leaves":5,"minecraft:dirt":9,"minecraft:stone":8}},"DataVersion":3120}