{"stats":{"minecraft:mined":{"argentina_food_mod:tomatera":6,"minecraft:grass":5,"minecraft:oak_log":40,"minecraft:oak_sapling":1,"biomesoplenty:flowering_oak_leaves":67,"biomesoplenty:sprout":1,"minecraft:oak_leaves":195},"minecraft:used":{"minecraft:wooden_axe":3,"minecraft:crafting_table":1,"minecraft:oak_sapling":8},"minecraft:custom":{"minecraft:time_since_rest":13514,"minecraft:crouch_one_cm":698,"minecraft:sprint_one_cm":24922,"minecraft:play_time":13514,"minecraft:damage_taken":60,"minecraft:walk_one_cm":21267,"minecraft:sneak_time":235,"minecraft:jump":149,"minecraft:leave_game":5,"minecraft:time_since_death":13514,"minecraft:total_world_time":13514,"minecraft:talked_to_villager":2,"minecraft:interact_with_crafting_table":1,"minecraft:fall_one_cm":5091,"minecraft:fly_one_cm":34271},"minecraft:picked_up":{"biomesoplenty:flowering_oak_sapling":5,"minecraft:stick":11,"argentina_food_mod:tomate":6,"minecraft:apple":1,"minecraft:wheat_seeds":1,"minecraft:oak_log":40,"minecraft:oak_sapling":14},"minecraft:crafted":{"minecraft:oak_planks":16,"minecraft:crafting_table":1,"minecraft:wooden_axe":1}},"DataVersion":3120}