{"stats":{"minecraft:used":{"minecraft:wooden_axe":3,"minecraft:crafting_table":1,"minecraft:oak_sapling":8},"minecraft:custom":{"minecraft:time_since_rest":6731,"minecraft:crouch_one_cm":192,"minecraft:sprint_one_cm":11771,"minecraft:play_time":6731,"minecraft:damage_taken":60,"minecraft:walk_one_cm":12261,"minecraft:sneak_time":34,"minecraft:jump":78,"minecraft:leave_game":4,"minecraft:time_since_death":6731,"minecraft:total_world_time":6731,"minecraft:interact_with_crafting_table":1,"minecraft:fall_one_cm":2163,"minecraft:fly_one_cm":12765},"minecraft:crafted":{"minecraft:oak_planks":16,"minecraft:crafting_table":1,"minecraft:wooden_axe":1},"minecraft:picked_up":{"biomesoplenty:flowering_oak_sapling":5,"minecraft:stick":11,"minecraft:apple":1,"minecraft:oak_log":40,"minecraft:oak_sapling":14},"minecraft:mined":{"minecraft:oak_log":40,"minecraft:oak_sapling":1,"biomesoplenty:flowering_oak_leaves":67,"minecraft:oak_leaves":195}},"DataVersion":3120}