{"stats":{"minecraft:custom":{"minecraft:time_since_rest":5412,"minecraft:sprint_one_cm":38745,"minecraft:damage_taken":320,"minecraft:walk_one_cm":36881,"minecraft:damage_dealt":7,"minecraft:talked_to_villager":2,"minecraft:interact_with_crafting_table":1,"minecraft:fly_one_cm":60334,"minecraft:crouch_one_cm":925,"minecraft:play_time":35790,"minecraft:deaths":1,"minecraft:sneak_time":326,"minecraft:jump":286,"minecraft:leave_game":7,"minecraft:time_since_death":5388,"minecraft:total_world_time":35790,"minecraft:fall_one_cm":8193},"minecraft:picked_up":{"minecraft:stick":11,"minecraft:oak_log":40,"minecraft:dirt":20,"argentina_food_mod:membrillo":1,"biomesoplenty:flowering_oak_sapling":5,"argentina_food_mod:tomate":6,"minecraft:apple":1,"minecraft:wheat_seeds":1,"minecraft:rose_bush":2,"minecraft:oak_sapling":14},"minecraft:killed_by":{"minecraft:husk":1},"minecraft:used":{"minecraft:oak_log":2,"minecraft:wooden_axe":3,"minecraft:apple":1,"minecraft:oak_planks":7,"minecraft:dirt":20,"minecraft:crafting_table":1,"minecraft:oak_sapling":8},"minecraft:mined":{"minecraft:oak_sapling":1,"argentina_food_mod:tomatera":6,"minecraft:grass":13,"minecraft:grass_block":7,"minecraft:oak_log":40,"argentina_food_mod:membrillero":1,"minecraft:rose_bush":2,"biomesoplenty:flowering_oak_leaves":67,"minecraft:dirt":13,"biomesoplenty:sprout":4,"minecraft:oak_leaves":195},"minecraft:crafted":{"minecraft:oak_planks":16,"minecraft:crafting_table":1,"minecraft:wooden_axe":1}},"DataVersion":3120}