{"stats":{"minecraft:used":{"minecraft:wooden_axe":3,"minecraft:crafting_table":1,"minecraft:oak_sapling":8},"minecraft:custom":{"minecraft:time_since_rest":18425,"minecraft:crouch_one_cm":698,"minecraft:play_time":18425,"minecraft:sprint_one_cm":25219,"minecraft:damage_taken":60,"minecraft:walk_one_cm":26055,"minecraft:sneak_time":235,"minecraft:jump":168,"minecraft:leave_game":5,"minecraft:time_since_death":18425,"minecraft:total_world_time":18425,"minecraft:interact_with_crafting_table":1,"minecraft:talked_to_villager":2,"minecraft:fall_one_cm":5509,"minecraft:fly_one_cm":34866},"minecraft:crafted":{"minecraft:oak_planks":16,"minecraft:crafting_table":1,"minecraft:wooden_axe":1},"minecraft:picked_up":{"biomesoplenty:flowering_oak_sapling":5,"minecraft:stick":11,"argentina_food_mod:tomate":6,"minecraft:apple":1,"minecraft:wheat_seeds":1,"minecraft:oak_log":40,"minecraft:oak_sapling":14},"minecraft:mined":{"argentina_food_mod:tomatera":6,"minecraft:grass":5,"minecraft:oak_log":40,"minecraft:oak_sapling":1,"biomesoplenty:flowering_oak_leaves":67,"biomesoplenty:sprout":1,"minecraft:oak_leaves":195}},"DataVersion":3120}