{"stats":{"minecraft:picked_up":{"minecraft:stick":11,"minecraft:oak_log":40,"minecraft:dirt":22,"argentina_food_mod:membrillo":1,"biomesoplenty:flowering_oak_sapling":5,"argentina_food_mod:tomate":6,"minecraft:apple":1,"minecraft:wheat_seeds":1,"minecraft:rose_bush":2,"minecraft:oak_sapling":14,"minecraft:sugar_cane":7,"minecraft:oak_planks":3},"minecraft:used":{"minecraft:oak_log":2,"minecraft:wooden_axe":6,"minecraft:apple":1,"minecraft:oak_planks":7,"minecraft:dirt":21,"minecraft:crafting_table":1,"minecraft:oak_sapling":8},"minecraft:crafted":{"minecraft:oak_planks":16,"minecraft:crafting_table":1,"minecraft:wooden_axe":1},"minecraft:custom":{"minecraft:time_since_rest":10692,"minecraft:sprint_one_cm":56235,"minecraft:damage_taken":520,"minecraft:walk_one_cm":50955,"minecraft:damage_dealt":17,"minecraft:talked_to_villager":2,"minecraft:swim_one_cm":3565,"minecraft:interact_with_crafting_table":1,"minecraft:fly_one_cm":88456,"minecraft:crouch_one_cm":1227,"minecraft:play_time":60920,"minecraft:deaths":2,"minecraft:sneak_time":407,"minecraft:walk_under_water_one_cm":258,"minecraft:jump":473,"minecraft:leave_game":10,"minecraft:walk_on_water_one_cm":1094,"minecraft:time_since_death":10665,"minecraft:total_world_time":60920,"minecraft:fall_one_cm":13286},"minecraft:mined":{"minecraft:oak_sapling":1,"argentina_food_mod:tomatera":6,"minecraft:grass":13,"minecraft:grass_block":8,"minecraft:oak_log":40,"biomesoplenty:flowering_oak_leaves":67,"minecraft:rose_bush":2,"argentina_food_mod:membrillero":1,"minecraft:dirt":14,"biomesoplenty:sprout":5,"minecraft:sugar_cane":3,"minecraft:oak_planks":3,"minecraft:oak_leaves":195},"minecraft:killed_by":{"minecraft:husk":1,"minecraft:zombie":1}},"DataVersion":3120}